-- phpMyAdmin SQL Dump
-- version 4.5.2
-- http://www.phpmyadmin.net
--
-- Хост: localhost
-- Время создания: Май 18 2016 г., 11:14
-- Версия сервера: 10.1.10-MariaDB
-- Версия PHP: 7.0.2

SET SQL_MODE = "NO_AUTO_VALUE_ON_ZERO";
SET time_zone = "+00:00";


/*!40101 SET @OLD_CHARACTER_SET_CLIENT=@@CHARACTER_SET_CLIENT */;
/*!40101 SET @OLD_CHARACTER_SET_RESULTS=@@CHARACTER_SET_RESULTS */;
/*!40101 SET @OLD_COLLATION_CONNECTION=@@COLLATION_CONNECTION */;
/*!40101 SET NAMES utf8mb4 */;

--
-- База данных: `Audit`
--

-- --------------------------------------------------------

--
-- Структура таблицы `Auditorium`
--

CREATE TABLE `Auditorium` (
  `id` int(4) NOT NULL,
  `NumberAudit` int(4) NOT NULL,
  `Corps_id` int(3) NOT NULL,
  `Type` varchar(30) COLLATE utf8_unicode_ci NOT NULL,
  `Capacity` int(4) NOT NULL,
  `CountSeats` int(5) NOT NULL,
  `TableType` varchar(40) COLLATE utf8_unicode_ci NOT NULL,
  `Sockets` int(3) NOT NULL,
  `Conditioner` tinyint(1) NOT NULL,
  `Area` int(5) NOT NULL,
  `Date` date NOT NULL
) ENGINE=InnoDB DEFAULT CHARSET=utf8 COLLATE=utf8_unicode_ci;

--
-- Дамп данных таблицы `Auditorium`
--

INSERT INTO `Auditorium` (`id`, `NumberAudit`, `Corps_id`, `Type`, `Capacity`, `CountSeats`, `TableType`, `Sockets`, `Conditioner`, `Area`, `Date`) VALUES
(1, 316, 11, 'Практическая', 30, 0, 'Парты', 4, 0, 30, '2016-05-09'),
(2, 216, 11, 'Компьютерный класс', 12, 0, 'Компьютерные столы', 5, 1, 20, '2016-05-09'),
(3, 123, 11, 'Компьютерный класс', 345, 12, 'Парты', 3, 0, 100, '2016-05-12'),
(4, 123, 14, 'Компьютерный класс', 123, 123, 'Парты', 123, 0, 123, '2016-05-13'),
(5, 123, 14, 'Компьютерный класс', 123, 123, 'Парты', 123, 0, 123, '2016-05-13'),
(6, 123, 14, 'Компьютерный класс', 123, 123, 'Парты', 123, 0, 123, '2016-05-13'),
(7, 123, 14, 'Практическая', 123, 123, 'Компьютерные столы', 123, 0, 123, '2016-05-13'),
(8, 312, 0, 'Лекционная', 312, 123, 'Амфитеатр', 321, 0, 33, '2016-05-13'),
(9, 312, 0, 'Лекционная', 312, 123, 'Амфитеатр', 321, 0, 33, '2016-05-13'),
(10, 312, 0, 'Лекционная', 312, 123, 'Амфитеатр', 321, 0, 33, '2016-05-13'),
(11, 312, 0, 'Лекционная', 312, 123, 'Амфитеатр', 321, 0, 33, '2016-05-13'),
(12, 312, 0, 'Лекционная', 312, 123, 'Амфитеатр', 321, 0, 33, '2016-05-13'),
(13, 123, 0, 'Лекционная', 312, 21, 'Амфитеатр', 123, 0, 321, '2016-05-13'),
(14, 123, 0, 'Лекционная', 312, 21, 'Амфитеатр', 123, 0, 321333, '2016-05-13'),
(15, 123, 0, 'Лекционная', 312, 21, 'Амфитеатр', 123, 1, 5, '2016-05-13'),
(16, 123, 0, 'Лекционная', 312, 21, 'Амфитеатр', 123, 0, 5, '2016-05-13'),
(18, 234, 0, 'Компьютерный класс', 234, 234, 'Парты', 234, 1, 234, '2016-05-15'),
(21, 234, 0, 'Компьютерный класс', 234, 234, 'Парты', 234, 1, 234, '2016-05-15'),
(22, 234, 0, 'Компьютерный класс', 234, 234, 'Парты', 234, 1, 234, '2016-05-15'),
(26, 234, 0, 'Компьютерный класс', 234, 234, 'Парты', 234, 1, 234, '2016-05-15'),
(27, 234, 0, 'Компьютерный класс', 234, 234, 'Парты', 234, 1, 234, '2016-05-15'),
(28, 234, 0, 'Компьютерный класс', 234, 234, 'Парты', 234, 1, 234, '2016-05-15'),
(29, 234, 0, 'Компьютерный класс', 234, 234, 'Парты', 234, 1, 234, '2016-05-15'),
(30, 234, 0, 'Компьютерный класс', 234, 234, 'Парты', 234, 1, 234, '2016-05-15'),
(31, 234, 0, 'Компьютерный класс', 234, 234, 'Парты', 234, 1, 234, '2016-05-15'),
(32, 234, 0, 'Компьютерный класс', 234, 234, 'Парты', 234, 1, 234, '2016-05-15'),
(33, 234, 0, 'Компьютерный класс', 234, 234, 'Парты', 234, 1, 234, '2016-05-15'),
(34, 234, 0, 'Компьютерный класс', 234, 234, 'Парты', 234, 1, 234, '2016-05-15'),
(35, 234, 0, 'Компьютерный класс', 234, 234, 'Парты', 234, 1, 234, '2016-05-15'),
(36, 234, 0, 'Компьютерный класс', 234, 234, 'Парты', 234, 0, 234, '2016-05-15'),
(37, 234, 0, 'Компьютерный класс', 234, 234, 'Парты', 234, 0, 234, '2016-05-15'),
(38, 234, 0, 'Компьютерный класс', 234, 234, 'Парты', 234, 0, 234, '2016-05-15'),
(40, 234, 0, 'Компьютерный класс', 234, 234, 'Парты', 234, 0, 234, '2016-05-15'),
(41, 234, 0, 'Компьютерный класс', 234, 234, 'Парты', 234, 0, 234, '2016-05-15'),
(42, 234, 0, 'Компьютерный класс', 234, 234, 'Парты', 234, 0, 234, '2016-05-15'),
(43, 234, 0, 'Компьютерный класс', 234, 234, 'Парты', 234, 0, 234, '2016-05-15'),
(44, 123, 5, 'Практическая', 32, 1, 'Амфитеатр', 32, 1, 55, '2016-05-15'),
(45, 123, 5, 'Практическая', 32, 1, 'Амфитеатр', 32, 1, 55, '2016-05-15'),
(46, 123, 5, 'Практическая', 32, 1, 'Амфитеатр', 32, 1, 55, '2016-05-15'),
(47, 123, 5, 'Практическая', 32, 1, 'Амфитеатр', 32, 1, 55, '2016-05-15'),
(48, 123, 5, 'Практическая', 32, 1, 'Амфитеатр', 32, 1, 55, '2016-05-15'),
(49, 123, 5, 'Практическая', 32, 1, 'Амфитеатр', 32, 1, 55, '2016-05-15'),
(50, 123, 5, 'Практическая', 32, 1, 'Амфитеатр', 32, 1, 55, '2016-05-15'),
(51, 123, 5, 'Практическая', 32, 1, 'Амфитеатр', 32, 1, 55, '2016-05-15'),
(52, 123, 6, 'Компьютерный класс', 123, 123, 'Амфитеатр', 123, 1, 123, '2016-05-15'),
(53, 234, 14, 'Компьютерный класс', 234, 234, 'Парты', 45, 1, 45, '2016-05-15'),
(54, 12, 14, 'Практическая', 12, 12, 'Компьютерные столы', 12, 1, 12, '2016-05-15'),
(55, 12, 14, 'Практическая', 12, 12, 'Компьютерные столы', 12, 1, 12, '2016-05-15'),
(56, 12, 14, 'Компьютерный класс', 12, 12, 'Амфитеатр', 12, 1, 1, '2016-05-15'),
(57, 2, 14, 'Практическая', 2, 2, 'Амфитеатр', 2, 1, 2, '2016-05-15'),
(58, 123, 2, 'Практическая', 123, 123, 'Амфитеатр', 123, 1, 123, '2016-05-16');

-- --------------------------------------------------------

--
-- Структура таблицы `Auditorium_Equipment`
--

CREATE TABLE `Auditorium_Equipment` (
  `id` int(3) NOT NULL,
  `Equipment_id` int(4) NOT NULL,
  `Auditorium_id` int(4) NOT NULL,
  `Amount` int(4) NOT NULL
) ENGINE=InnoDB DEFAULT CHARSET=utf8 COLLATE=utf8_unicode_ci;

--
-- Дамп данных таблицы `Auditorium_Equipment`
--

INSERT INTO `Auditorium_Equipment` (`id`, `Equipment_id`, `Auditorium_id`, `Amount`) VALUES
(1, 1, 2, 7),
(2, 2, 2, 1),
(3, 1, 26, 5),
(4, 2, 40, 1),
(5, 2, 41, 1),
(6, 2, 42, 1),
(7, 2, 43, 1),
(8, 2, 44, 1),
(9, 1, 50, 5),
(10, 2, 50, 1),
(11, 1, 51, 5),
(12, 2, 51, 1),
(13, 3, 52, 1),
(14, 3, 53, 1),
(15, 2, 54, 1),
(16, 3, 54, 1),
(17, 2, 55, 1),
(18, 3, 55, 1),
(19, 3, 56, 1),
(20, 2, 57, 1),
(21, 2, 58, 1);

-- --------------------------------------------------------

--
-- Структура таблицы `Corps`
--

CREATE TABLE `Corps` (
  `id` int(3) NOT NULL,
  `Abbr` varchar(50) COLLATE utf8_unicode_ci NOT NULL,
  `Name` varchar(200) COLLATE utf8_unicode_ci NOT NULL,
  `Address` varchar(300) COLLATE utf8_unicode_ci NOT NULL DEFAULT 'Политехническая, 19'
) ENGINE=InnoDB DEFAULT CHARSET=utf8 COLLATE=utf8_unicode_ci;

--
-- Дамп данных таблицы `Corps`
--

INSERT INTO `Corps` (`id`, `Abbr`, `Name`, `Address`) VALUES
(1, '1 к.', '1-й учебный корпус', 'Политехническая, 19'),
(2, '2 к.', '2-й учебный корпус', 'Политехническая, 19'),
(3, '3 к.', '3-й учебный корпус', 'Политехническая, 19'),
(4, '4 к.', '4-й учебный корпус', 'Политехническая, 19'),
(5, '5 к.', '5-й учебный корпус', 'Политехническая, 19'),
(6, '6 к.', '6-й учебный корпус', 'Политехническая, 19'),
(7, '8 к.', '8-й учебный корпус', 'Политехническая, 19'),
(8, '9 к.', '9-й учебный корпус', 'Политехническая, 19'),
(9, '10 к.', '10-й учебный корпус', 'Политехническая, 19'),
(10, '11 к.', '11-й учебный корпус', 'Политехническая, 19'),
(11, '15 к.', '15-й учебный корпус', 'Политехническая, 19'),
(12, '16 к.', '16-й учебный корпус', 'Политехническая, 19'),
(13, 'ГК', 'Гидротехнический корпус-1', 'Политехническая, 19'),
(14, 'ГК-2', 'Гидротехнический корпус-2', 'Политехническая, 19'),
(15, 'ГЗ', 'Главное здание', 'Политехническая, 19'),
(16, 'Мех. к.', 'Механический корпус', 'Политехническая, 19'),
(17, 'НОЦ', 'НОЦ УчК', 'Политехническая, 19'),
(18, 'Не опр.', 'Не определено', 'Политехническая, 19'),
(19, 'СК', 'Спорткомплекс', 'Политехническая, 19'),
(20, 'Хим к.', 'Химический корпус', 'Политехническая, 19');

-- --------------------------------------------------------

--
-- Структура таблицы `Equipment`
--

CREATE TABLE `Equipment` (
  `id` int(2) NOT NULL,
  `Name` varchar(20) COLLATE utf8_unicode_ci NOT NULL
) ENGINE=InnoDB DEFAULT CHARSET=utf8 COLLATE=utf8_unicode_ci;

--
-- Дамп данных таблицы `Equipment`
--

INSERT INTO `Equipment` (`id`, `Name`) VALUES
(1, 'Компьютеры'),
(2, 'Проектор'),
(3, 'Спец. Оборудование');

-- --------------------------------------------------------

--
-- Структура таблицы `Users`
--

CREATE TABLE `Users` (
  `id` int(4) NOT NULL,
  `Login` varchar(25) COLLATE utf8_unicode_ci NOT NULL,
  `Password` varchar(25) COLLATE utf8_unicode_ci NOT NULL
) ENGINE=InnoDB DEFAULT CHARSET=utf8 COLLATE=utf8_unicode_ci;

--
-- Индексы сохранённых таблиц
--

--
-- Индексы таблицы `Auditorium`
--
ALTER TABLE `Auditorium`
  ADD PRIMARY KEY (`id`);

--
-- Индексы таблицы `Auditorium_Equipment`
--
ALTER TABLE `Auditorium_Equipment`
  ADD PRIMARY KEY (`id`);

--
-- Индексы таблицы `Corps`
--
ALTER TABLE `Corps`
  ADD PRIMARY KEY (`id`);

--
-- Индексы таблицы `Equipment`
--
ALTER TABLE `Equipment`
  ADD PRIMARY KEY (`id`);

--
-- Индексы таблицы `Users`
--
ALTER TABLE `Users`
  ADD PRIMARY KEY (`id`);

--
-- AUTO_INCREMENT для сохранённых таблиц
--

--
-- AUTO_INCREMENT для таблицы `Auditorium`
--
ALTER TABLE `Auditorium`
  MODIFY `id` int(4) NOT NULL AUTO_INCREMENT, AUTO_INCREMENT=59;
--
-- AUTO_INCREMENT для таблицы `Auditorium_Equipment`
--
ALTER TABLE `Auditorium_Equipment`
  MODIFY `id` int(3) NOT NULL AUTO_INCREMENT, AUTO_INCREMENT=22;
--
-- AUTO_INCREMENT для таблицы `Corps`
--
ALTER TABLE `Corps`
  MODIFY `id` int(3) NOT NULL AUTO_INCREMENT, AUTO_INCREMENT=21;
--
-- AUTO_INCREMENT для таблицы `Equipment`
--
ALTER TABLE `Equipment`
  MODIFY `id` int(2) NOT NULL AUTO_INCREMENT, AUTO_INCREMENT=4;
--
-- AUTO_INCREMENT для таблицы `Users`
--
ALTER TABLE `Users`
  MODIFY `id` int(4) NOT NULL AUTO_INCREMENT;
/*!40101 SET CHARACTER_SET_CLIENT=@OLD_CHARACTER_SET_CLIENT */;
/*!40101 SET CHARACTER_SET_RESULTS=@OLD_CHARACTER_SET_RESULTS */;
/*!40101 SET COLLATION_CONNECTION=@OLD_COLLATION_CONNECTION */;
